label,text
spam,"WINNER!!! You have been selected to receive a $1000 gift card. Click here to claim now"
spam,"Congratulations! Claim your free prize today, limited time offer, act now"
spam,"Make money fast from home. Guaranteed income of $5000 a week, no experience needed!!!"
spam,"Your account has been suspended. Verify your password immediately at the link below"
spam,"Cheap pills online, no prescription needed, 90% off best prices click now"
spam,"Lose weight fast with this miracle secret doctors don't want you to know"
spam,"You owe taxes, pay immediately or face arrest. Call this number now"
spam,"Exclusive deal just for you! Buy now and get free shipping plus a bonus $$$"
spam,"Dear beneficiary, a transfer of $2,000,000 is waiting. Send your bank details"
spam,"Earn cash working part time, reply with your SSN to get started today!!!"
spam,"Free casino bonus, spin to win the jackpot, no deposit required"
spam,"Urgent: your package could not be delivered. Click to update your payment info"
ham,"Hi team, the sprint planning meeting has moved to 3pm tomorrow in the small room"
ham,"Can you review my pull request when you get a chance? The change is small"
ham,"Thanks for lunch yesterday, let me know if you want to grab coffee next week"
ham,"Attached are the notes from today's call. Please add anything I missed"
ham,"Reminder: dentist appointment on Thursday at 10:30, bring your insurance card"
ham,"The build is green again after the fix to the CI cache. Merging now"
ham,"Hey, are we still on for the hike on Saturday? Weather looks good"
ham,"Invoice #4411 for March consulting work is attached, due in 30 days"
ham,"Could you send me the slides from the design review? Thanks in advance"
ham,"Quarterly planning doc is updated with the new roadmap items for Q3"
ham,"Happy birthday! Hope you have a great day, dinner on Friday?"
ham,"The deploy finished without errors. I will keep an eye on the dashboards"
